,city_ascii,cost_live_rent_index,purchase_pow_index,country,mean_tmp,std_dev_temp,safety_index,pollution_index,trffic_min_index,lat,lng
0,Honolulu,80.4,74.4,United States,25.441666666666663,1.837220397197568,52.6,37.0,41.5,21.3294,-157.846
1,Seattle,83.4,108.4,United States,11.316666666666665,5.142661732699294,45.7,34.7,46.9,47.6211,-122.3244
2,Canberra,69.1,69.1,Australia,13.141666666666667,5.418395994343267,72.0,26.1,43.3,-35.2931,149.1269
3,Adelaide,64.6,67.3,Australia,17.208333333333332,4.4167981684254105,66.7,27.1,45.1,-34.9275,138.6
4,Boston,82.0,106.6,United States,12.06363636363636,8.341855036773623,59.6,32.3,46.5,42.3188,-71.0852
5,Sacramento,73.2,98.5,United States,16.26666666666667,6.010344617760485,50.2,46.5,29.9,38.5677,-121.4685
6,San Diego,83.2,101.3,United States,17.841666666666665,2.998623421545697,59.0,42.1,37.9,32.8313,-117.1222
7,Singapore,89.8,85.9,Singapore,27.416666666666668,0.6685579234215214,76.3,33.0,41.4,1.3,103.8
8,Oslo,60.3,96.6,Norway,9.9875,5.691456630022631,66.8,21.5,28.1,59.9133,10.7389
9,Los Angeles,78.0,116.1,United States,18.55,3.437890473690357,47.2,66.4,57.6,34.1141,-118.4068
10,Copenhagen,65.4,86.7,Denmark,9.133333333333336,6.329632092329097,73.9,22.7,28.8,55.6761,12.5683
11,London,76.5,83.0,United Kingdom,11.35,5.142072450958766,45.7,57.7,45.3,51.5072,-0.1275
12,Chicago,70.5,134.9,United States,14.211111111111112,7.49690676953576,34.0,48.7,42.1,41.8375,-87.6866
13,Brisbane,62.6,80.4,Australia,21.40833333333333,3.5953147120645617,63.1,29.5,45.0,-27.4678,153.0281
14,Miami,76.3,84.0,United States,24.95,3.281213744388445,46.7,39.2,43.1,25.784,-80.2101
16,Sydney,71.2,87.8,Australia,17.725,3.709478032382356,65.7,30.5,47.5,-33.8678,151.21
17,Perth,61.4,82.3,Australia,18.691666666666663,4.417209800795342,57.6,28.3,47.0,-31.9559,115.8606
18,Denver,68.3,126.6,United States,12.56,8.040342723485804,53.3,43.9,36.8,39.762,-104.8758
19,Minneapolis,62.0,110.9,United States,12.933333333333335,8.588073124979783,44.2,28.6,37.0,44.9635,-93.2678
20,Tampa,69.9,111.2,United States,22.875,4.69857328442272,54.0,34.7,36.7,27.9945,-82.4447
21,Tucson,59.9,106.5,United States,20.95833333333333,7.439630774481087,45.9,30.0,30.0,32.1541,-110.8787
22,Melbourne,61.4,84.8,Australia,15.08333333333333,3.7728294984325,56.2,28.4,46.2,-37.8142,144.9631
23,Atlanta,65.4,120.3,United States,17.033333333333335,7.532756749187129,36.2,44.7,41.3,33.7628,-84.422
24,Dallas,66.5,111.5,United States,19.008333333333333,8.19384007358669,48.3,42.6,36.6,32.7935,-96.7667
28,Paris,60.4,76.2,France,12.325,5.8008032359164,42.3,63.6,41.3,48.8567,2.3522
29,Dublin,68.9,71.4,Ireland,9.833333333333334,3.909506672745607,47.1,41.0,40.7,53.35,-6.2603
30,Austin,71.5,110.8,United States,20.73333333333333,7.083185381699051,59.2,42.3,36.3,30.3005,-97.7522
32,Seoul,55.0,81.2,South Korea,13.890909090909089,9.364983133509057,75.4,58.9,42.2,37.56,126.99
33,Auckland,58.2,83.8,New Zealand,15.141666666666666,3.1251060588063053,50.3,31.0,40.4,-36.8406,174.74
34,Wellington,60.2,67.2,New Zealand,12.916666666666666,2.943354095812009,66.0,22.8,43.7,-41.2889,174.7772
35,Phoenix,61.4,126.9,United States,23.90833333333333,8.184737273879,46.6,56.2,33.9,33.5722,-112.0892
36,Vancouver,64.9,77.8,Canada,10.408333333333331,5.358673230182895,58.3,26.6,38.0,49.25,-123.1
37,Ottawa,56.4,89.6,Canada,13.1875,6.938595473354614,69.1,26.2,36.6,45.4247,-75.695
38,Las Vegas,58.4,92.9,United States,20.266666666666666,9.121037952630903,44.1,52.5,27.0,36.2333,-115.2654
40,Calgary,55.1,94.3,Canada,10.928571428571429,4.775532879764759,61.8,25.0,34.0,51.05,-114.0667
41,Toronto,62.0,82.7,Canada,13.266666666666667,7.494831552476679,57.0,37.2,44.6,43.7417,-79.3733
42,Milan,57.7,51.3,Italy,12.991666666666667,7.694798518637395,48.6,67.6,36.4,45.4669,9.19
43,Hamburg,52.1,99.9,Germany,9.733333333333334,6.122140643647944,57.7,28.8,33.1,53.55,10.0
44,Hong Kong,67.0,68.8,China,23.241666666666664,4.778827991223054,78.1,67.2,42.5,22.3193,114.1694
45,Columbus,57.4,105.7,United States,12.863636363636362,8.755143942537178,49.6,33.2,31.5,39.9862,-82.9855
50,Frankfurt,53.4,110.4,Germany,10.533333333333331,6.8353803290251705,54.8,34.6,25.3,50.1106,8.6822
51,Edmonton,49.5,96.1,Canada,11.928571428571429,5.171948145432977,52.5,30.5,29.8,53.5344,-113.4903
52,Berlin,54.9,93.4,Germany,10.333333333333334,7.236439774230185,55.9,39.4,33.4,52.52,13.405
53,Brussels,51.6,96.1,Belgium,10.541666666666666,5.6405122806247645,45.4,61.7,37.0,50.8467,4.3525
54,Halifax,53.4,81.6,Canada,12.2875,5.716501802426276,59.0,24.4,33.7,44.6475,-63.5906
55,Houston,57.0,147.0,United States,20.808333333333334,6.573840489993561,36.8,56.0,42.4,29.786,-95.3885
56,Stockholm,52.3,92.0,Sweden,9.6,6.249799996799898,54.3,18.0,34.0,59.3294,18.0686
57,Saint Petersburg,63.0,117.8,Russia,10.7125,6.482820704424447,60.8,62.1,48.5,59.95,30.3167
58,Amsterdam,58.4,108.2,Netherlands,10.191666666666666,5.397551352795136,71.9,25.1,24.3,52.3728,4.8936
59,Winnipeg,48.4,74.7,Canada,12.742857142857144,6.246027308846571,39.9,36.7,31.0,49.8844,-97.1464
60,San Antonio,55.6,124.9,United States,20.83333333333333,6.9684135840798005,51.9,45.7,34.0,29.4632,-98.5238
61,Montreal,49.0,94.0,Canada,13.225,6.945039339598548,68.2,33.7,39.5,45.5089,-73.5617
62,Dubai,58.2,117.8,"United Arab
Emirates",26.91666666666667,5.824061896107988,83.7,48.5,37.0,25.2048,55.2708
63,Rome,49.3,59.2,Italy,15.200000000000005,6.310453088472981,49.1,63.3,38.8,41.8931,12.4828
64,Vienna,45.9,104.0,Austria,10.45,7.652509986331876,70.9,16.1,22.8,48.2083,16.3725
65,Edinburgh,50.9,85.0,United Kingdom,9.291666666666666,4.237378763797118,69.2,28.1,30.4,55.9533,-3.1892
66,Prague,46.9,65.2,Czech Republic,11.4,5.753694465297928,75.4,33.5,31.8,50.0755,14.4378
67,Montevideo,40.4,43.9,Uruguay,16.691666666666666,4.494735978358631,43.9,46.9,38.9,-34.8836,-56.1819
68,Athens,39.0,41.2,Greece,19.191666666666663,7.161444538554207,43.8,57.5,38.1,37.9842,23.7281
69,Tallinn,39.2,65.7,Estonia,10.5125,5.6756214260139455,76.9,19.1,24.7,59.4372,24.7453
70,Barcelona,44.6,68.8,Spain,18.166666666666668,5.305971478752344,48.9,65.2,30.6,41.3825,2.1769
71,Tokyo,42.9,88.7,Japan,15.375,7.586845673448701,75.7,42.6,43.7,35.6897,139.6922
72,Taipei,39.6,73.2,Taiwan,23.0,4.955437784531619,84.9,49.5,34.4,25.0375,121.5625
73,Riga,35.4,52.6,Latvia,9.677777777777775,6.1720697050863285,61.4,37.8,31.2,56.9489,24.1064
74,Thessaloniki,35.8,37.8,Greece,15.966666666666669,7.712367085441801,46.1,64.1,29.4,40.6403,22.9347
75,Ljubljana,39.3,58.9,Slovenia,10.858333333333334,7.71356047176109,78.4,23.0,26.1,46.0514,14.5061
76,Beirut,37.1,12.3,Lebanon,20.866666666666667,5.220298377632753,53.3,93.7,39.3,33.8869,35.5131
77,Zagreb,36.0,55.0,Croatia,10.650000000000002,7.515015272469814,78.2,33.8,30.2,45.8167,15.9833
78,Santiago,35.5,31.1,Chile,14.733333333333333,4.7161874689651855,37.7,70.8,37.9,-33.4372,-70.6506
79,Riyadh,37.6,93.2,Saudi Arabia,25.83333333333333,8.043442652059483,73.9,63.4,31.8,24.6333,46.7167
80,Madrid,40.8,103.2,Spain,15.058333333333332,7.0094038565517405,73.0,40.0,25.8,40.4169,-3.7033
81,Lisbon,44.0,43.7,Portugal,17.433333333333334,4.3014444367472935,71.4,34.3,31.3,38.7253,-9.15
82,Vilnius,37.1,60.2,Lithuania,10.825,5.754439280118562,72.5,24.6,26.8,54.6872,25.28
83,Budapest,34.9,53.6,Hungary,11.308333333333335,7.889631669399268,65.5,54.0,39.1,47.4925,19.0514
84,Muscat,34.6,82.5,Oman,28.416666666666668,5.142661732699293,80.2,35.0,20.4,23.6139,58.5922
85,Panama City,37.8,34.0,Panama,27.416666666666668,0.5149286505444373,51.0,61.9,32.8,8.9833,-79.5167
86,Valencia,36.4,94.4,Spain,18.316666666666663,5.224563197632947,69.8,29.1,23.7,39.47,-0.3764
87,Monterrey,36.1,47.9,Mexico,22.308333333333334,5.294672851655766,51.8,70.5,31.7,25.6667,-100.3
88,Warsaw,37.9,63.4,Poland,11.72222222222222,6.188654493865726,74.3,59.9,35.2,52.23,21.0111
89,Mexico City,35.5,36.2,Mexico,17.541666666666668,1.7788956397073148,32.2,81.2,52.9,19.4333,-99.1333
90,Porto,36.0,60.4,Portugal,15.725,4.050392798011301,67.5,27.7,24.0,41.1621,-8.622
91,Sofia,30.3,59.0,Bulgaria,11.563636363636364,7.636003238248754,58.6,69.1,30.9,42.7,23.33
92,Bucharest,30.2,51.5,Romania,11.97272727272727,8.387739970825384,71.7,75.7,40.9,44.4325,26.1039
93,Bangkok,33.2,30.1,Thailand,28.600000000000005,1.1739598878078492,59.9,77.1,45.6,13.7525,100.4942
94,Guadalajara,31.6,41.3,Mexico,20.9,2.407941406716912,37.7,61.8,41.2,20.6767,-103.3475
95,Belgrade,33.0,33.7,Serbia,12.541666666666666,8.029656206082473,61.0,67.6,36.0,44.82,20.46
96,Yerevan,35.8,24.6,Armenia,15.29,9.031112888232547,78.0,59.1,30.5,40.1814,44.5144
97,Shanghai,38.0,54.7,China,16.708333333333336,8.609768060790376,70.7,73.1,47.8,31.1667,121.4667
98,Rio de Janeiro,28.6,21.7,Brazil,23.78333333333333,1.9116072881851085,22.4,67.4,51.2,-22.9111,-43.2056
99,Tbilisi,33.6,24.1,Georgia,12.858333333333333,8.514848883870547,74.3,71.9,39.6,41.7225,44.7925
100,Beijing,35.7,73.8,China,15.919999999999998,9.372987191332808,72.7,79.9,43.1,39.904,116.4075
101,Manila,29.4,24.0,Philippines,28.399999999999995,1.0608744249224535,35.1,89.9,53.9,14.5958,120.9772
102,Sarajevo,24.3,51.1,Bosnia and Herzegovina,11.054545454545456,6.955481814563767,55.4,67.4,27.6,43.8564,18.4131
103,Porto Alegre,24.8,26.8,Brazil,19.45,3.910242959203431,28.9,56.4,31.3,-30.0331,-51.23
104,Johannesburg,25.7,87.3,South Africa,15.533333333333331,3.5384468429815445,19.2,61.1,40.9,-26.2044,28.0456
105,Curitiba,23.9,35.1,Brazil,16.783333333333335,2.83511530415939,37.8,31.6,32.6,-25.4297,-49.2711
106,Minsk,24.9,37.8,Belarus,10.244444444444444,6.999841268041568,47.6,41.7,31.0,53.9,27.5667
107,Belo Horizonte,24.0,24.2,Brazil,21.116666666666664,1.743994022786532,36.7,52.0,44.2,-19.9167,-43.9333
108,Skopje,23.3,36.2,Macedonia,12.408333333333331,8.6757193396632,53.1,83.1,27.1,41.9961,21.4317
109,Lima,26.0,27.2,Peru,19.15833333333333,2.409246707369276,28.9,86.2,50.3,-12.06,-77.0375
110,Ho Chi Minh City,26.4,28.1,Vietnam,27.366666666666664,0.985654681678706,47.9,92.2,31.6,10.7756,106.7019
111,Moscow,28.6,55.9,Russia,12.857142857142858,5.286415654882851,63.8,55.9,50.3,55.7558,37.6178
112,Kuala Lumpur,24.4,71.3,Malaysia,27.34166666666667,0.4209477042305488,37.8,65.7,41.6,3.1478,101.6953
113,Colombo,22.9,14.6,Sri Lanka,27.383333333333336,0.6072790781740126,57.8,61.3,59.5,6.9344,79.8428
114,Jakarta,25.8,27.0,Indonesia,26.683333333333334,0.3996210326008498,47.4,85.0,52.2,-6.175,106.8275
115,Pretoria,23.5,86.9,South Africa,18.166666666666664,4.009836390526162,18.0,56.1,45.5,-25.7461,28.1881
116,Almaty,28.1,31.4,Kazakhstan,14.455555555555556,8.029338564151955,46.2,78.1,39.7,43.2775,76.8958
117,Hanoi,23.6,36.5,Vietnam,23.641666666666666,4.816535596413168,63.7,89.1,28.2,21.0283,105.8542
118,Cape Town,26.7,73.9,South Africa,16.23333333333333,3.23344267231561,26.4,38.9,42.5,-33.9253,18.4239
119,Durban,22.7,71.1,South Africa,20.616666666666667,2.846316066693078,19.2,52.8,26.1,-29.8833,31.05
120,Istanbul,25.0,31.1,Turkey,13.875,6.601119051136157,52.1,68.9,51.5,41.0136,28.955
121,Baku,22.3,28.9,Azerbaijan,15.066666666666665,8.377712134351514,69.4,74.5,37.0,40.3667,49.8352
122,Nairobi,21.4,29.5,Kenya,17.775000000000002,1.2592385866791953,40.7,79.7,53.4,-1.2864,36.8172
123,Tehran,22.6,18.1,Iran,16.75,10.296733815765428,43.5,80.8,52.5,35.6892,51.3889
124,Buenos Aires,20.6,30.2,Argentina,17.900000000000002,4.945153734166962,36.6,52.4,49.5,-34.5997,-58.3819
125,Lviv,21.0,36.1,Ukraine,11.122222222222222,6.206000680345149,61.7,49.1,32.1,49.8425,24.0322
126,Dhaka,16.9,26.0,Bangladesh,25.88333333333333,3.780291795695943,37.2,93.6,62.2,23.7639,90.3889
127,Ankara,18.7,34.0,Turkey,12.016666666666667,8.42397372582164,60.7,65.0,36.0,39.93,32.85
128,Mumbai,22.2,53.0,India,27.10833333333333,1.851514531567619,55.1,83.6,55.3,19.0761,72.8775
129,Lagos,21.1,11.5,Nigeria,26.808333333333334,1.2176417844142482,32.0,89.4,67.4,6.455,3.3841
130,Cairo,15.5,17.5,Egypt,21.383333333333336,5.344637641145704,49.5,91.2,50.0,30.0444,31.2358
131,Kolkata,14.2,49.8,India,26.74166666666667,3.977541116485577,54.1,78.4,59.4,22.5675,88.37
132,Lahore,11.8,24.0,Pakistan,24.316666666666663,7.511304611696757,63.2,78.5,34.5,31.5497,74.3436
133,Karachi,10.9,20.4,Pakistan,26.03333333333333,4.6570246711692205,44.0,89.6,42.7,24.86,67.01
